{"LAT_ACCEL_FACTOR": {"HONDA PILOT 2017": 1.682289482065265, "HONDA CIVIC 2016": 1.5248128495527884, "TOYOTA CAMRY 2018": 2.1115709806216447, "TOYOTA COROLLA HYBRID TSS2 2019": 2.3250600977240077, "TOYOTA RAV4 2019": 2.625504029066767, "HYUNDAI PALISADE 2020": 2.5250855675875634, "TOYOTA SIENNA 2018": 1.8254254785341577, "ACURA RDX 2020": 1.3998101622214894, "TOYOTA RAV4 2017": 1.948190869577896, "HONDA RIDGELINE 2017": 1.4158181862793415, "TOYOTA PRIUS 2017": 1.9142926195557595, "TOYOTA HIGHLANDER HYBRID 2020": 2.1097056247344392, "HYUNDAI SONATA 2020": 3.2488989629905944, "KIA STINGER GT2 2018": 2.7592622336517834, "TOYOTA HIGHLANDER 2020": 2.0408544157877055, "HONDA ACCORD 2018": 1.6374118241564064, "TOYOTA PRIUS TSS2 2021": 2.3207270770298365, "NISSAN LEAF 2018": NaN, "CHRYSLER PACIFICA HYBRID 2019": 1.46050785084946, "LEXUS NX 2020": 2.29533657249232, "TOYOTA RAV4 HYBRID 2019": 2.4003012079562085, "HONDA CIVIC (BOSCH) 2019": 1.6523031416671652, "KIA NIRO HYBRID 2021": 2.743464625803003, "HONDA ACCORD HYBRID 2018": 1.5904016830979033, "LEXUS NX HYBRID 2018": 2.398678119681945, "TOYOTA COROLLA TSS2 2019": 2.3859244449846466, "VOLKSWAGEN ARTEON 1ST GEN": 1.4249208219414902, "TOYOTA CAMRY HYBRID 2021": 2.5434553806317055, "VOLKSWAGEN JETTA 7TH GEN": 1.2228130240634283, "HONDA INSIGHT 2019": 1.468352089969897, "SUBARU FORESTER 2019": 3.6185035528523546, "HYUNDAI ELANTRA 2021": 3.5294999663335185, "HYUNDAI IONIQ ELECTRIC LIMITED 2019": 2.2179616966432905, "HYUNDAI KONA HYBRID 2020": 4.493208192966529, "HONDA ODYSSEY 2018": 1.8838175399087222, "LEXUS RX 2016": 1.3912132245094184, "TOYOTA COROLLA 2017": 3.0143547548384735, "LEXUS ES 2019": 2.012201253045193, "HYUNDAI SANTA FE 2019": 3.039728566484244, "TOYOTA AVALON 2022": 2.4619858654670885, "JEEP GRAND CHEROKEE V6 2018": 1.8411674990629987, "CHEVROLET VOLT PREMIER 2017": 1.5943438675127841, "TOYOTA RAV4 HYBRID 2017": 1.9803053616868995, "LEXUS RX 2020": 1.664616846377383, "TOYOTA HIGHLANDER HYBRID 2018": 1.8866764457400844, "TOYOTA CAMRY HYBRID 2018": 2.014213351947917, "TESLA AP2 MODEL S": NaN, "VOLKSWAGEN GOLF 7TH GEN": 1.4428896585442685, "TOYOTA MIRAI 2021": 2.7217623852898853, "LEXUS IS 2018": 3.5624668608596837, "TOYOTA HIGHLANDER 2017": 1.9199133105823853, "HYUNDAI SONATA HYBRID 2021": 2.7313907441569554, "VOLKSWAGEN ATLAS 1ST GEN": 1.4483948408160645, "LEXUS ES HYBRID 2019": 2.4138026617523547, "HYUNDAI GENESIS 2015-2016": 1.7636839808044658, "JEEP GRAND CHEROKEE 2019": 1.787264083939164, "SUBARU ASCENT LIMITED 2019": 3.0494069339774565, "HONDA CR-V 2017": 1.9828470679233807, "HONDA FIT 2018": 1.594940026552055, "TOYOTA CAMRY 2021": 2.5057990840460342, "AUDI Q3 2ND GEN": 1.4558300885316715, "AUDI A3 3RD GEN": 1.5304173783542625, "LEXUS RX HYBRID 2017": 1.577216425446677, "HONDA CIVIC 2022": 2.69252285552613, "GENESIS G70 2018": 3.866842361627636, "CHRYSLER PACIFICA HYBRID 2018": 1.5771851419640903, "VOLKSWAGEN PASSAT 8TH GEN": 1.2985597059739313, "HONDA CR-V 2016": 0.7745984062630755, "HYUNDAI IONIQ PHEV 2020": 2.5696218908589383, "GMC ACADIA DENALI 2018": 1.3310088601868082, "HYUNDAI SONATA 2019": 1.9736552675022665, "TOYOTA AVALON 2019": 1.7245149905226294, "TOYOTA C-HR 2018": 1.5895016960662856, "HONDA CR-V HYBRID 2019": 2.0687746810729193, "CHRYSLER PACIFICA 2020": 1.40536880000744, "HYUNDAI IONIQ ELECTRIC 2020": 3.3220838625838667, "VOLKSWAGEN TIGUAN 2ND GEN": NaN, "LEXUS NX 2018": 1.7753192756242595, "KIA OPTIMA SX 2019 & 2016": 3.12625562280304, "TOYOTA AVALON HYBRID 2019": 1.7681286449373381, "TOYOTA RAV4 HYBRID 2022": 2.5518187542231816, "HONDA PASSPORT 2021": 1.5174924139130355, "KIA K5 2021": 2.482916204106975, "ACURA ILX 2016": 1.5237423964720282, "HYUNDAI IONIQ HYBRID 2017-2019": 2.3723887901632645, "KIA NIRO EV 2020": 2.924651969180446, "SUBARU IMPREZA SPORT 2020": 2.5317689549587694, "CHRYSLER PACIFICA HYBRID 2017": 1.167126725149114, "HYUNDAI KONA ELECTRIC 2019": 4.201092987427836, "HYUNDAI ELANTRA HYBRID 2021": 3.7153193626001926, "HYUNDAI SANTA FE HYBRID 2022": 3.3049230586030545, "CHRYSLER PACIFICA 2018": 1.524867383058782, "NISSAN ROGUE 2019": NaN, "KIA SORENTO GT LINE 2018": 2.5970979517766213, "COMMA BODY": NaN, "NISSAN LEAF 2018 Instrument Cluster": NaN, "LEXUS RX HYBRID 2020": 1.5460982690267173, "MAZDA CX-9 2021": 1.9514800984278198, "HYUNDAI SANTA FE 2022": 3.5354982200434524, "HYUNDAI SANTA FE PlUG-IN HYBRID 2022": 1.8902492836532216, "HONDA HRV 2019": 2.1262957371020352, "TOYOTA AVALON HYBRID 2022": 2.4142150048378683, "SUBARU IMPREZA LIMITED 2019": 1.2203463907025918, "GENESIS G80 2017": 2.4086794443413906, "VOLKSWAGEN TAOS 1ST GEN": 2.0031666974545947, "KIA FORTE E 2018 & GT 2021": 2.022553820222557, "CADILLAC ESCALADE ESV 2016": 1.5522339636408988, "TOYOTA C-HR 2021": 1.6519334844316687, "TOYOTA C-HR HYBRID 2018": 1.3193315010905482}, "MAX_LAT_ACCEL_MEASURED": {"HONDA PILOT 2017": 0.9069354290994807, "HONDA CIVIC 2016": 0.4030275472529351, "TOYOTA CAMRY 2018": 1.686123168195758, "TOYOTA COROLLA HYBRID TSS2 2019": 1.9139332621491167, "TOYOTA RAV4 2019": 2.234047196286479, "HYUNDAI PALISADE 2020": 1.8303582523301922, "TOYOTA SIENNA 2018": 1.4752503435300715, "ACURA RDX 2020": 0.40911581320000334, "TOYOTA RAV4 2017": 1.6622227720995595, "HONDA RIDGELINE 2017": 0.8224685813281227, "TOYOTA PRIUS 2017": 1.4548827870876067, "TOYOTA HIGHLANDER HYBRID 2020": 2.0649784271823037, "HYUNDAI SONATA 2020": 2.243989856570093, "KIA STINGER GT2 2018": 1.9531287107084392, "TOYOTA HIGHLANDER 2020": 1.659381392090836, "HONDA ACCORD 2018": 0.40486739531686267, "TOYOTA PRIUS TSS2 2021": 1.861541601048098, "NISSAN LEAF 2018": NaN, "CHRYSLER PACIFICA HYBRID 2019": 1.1930739374812243, "LEXUS NX 2020": 1.565268724838564, "TOYOTA RAV4 HYBRID 2019": 2.0915384047218426, "HONDA CIVIC (BOSCH) 2019": 0.4062886118517984, "KIA NIRO HYBRID 2021": NaN, "HONDA ACCORD HYBRID 2018": 0.35128914564548286, "LEXUS NX HYBRID 2018": 1.81821359787186, "TOYOTA COROLLA TSS2 2019": 1.911280958056631, "VOLKSWAGEN ARTEON 1ST GEN": 1.2587939472578302, "TOYOTA CAMRY HYBRID 2021": 2.312510643730013, "VOLKSWAGEN JETTA 7TH GEN": 1.232161945396623, "HONDA INSIGHT 2019": 0.5174836462945298, "SUBARU FORESTER 2019": 2.29255993930968, "HYUNDAI ELANTRA 2021": NaN, "HYUNDAI IONIQ ELECTRIC LIMITED 2019": 2.133978602602408, "HYUNDAI KONA HYBRID 2020": NaN, "HONDA ODYSSEY 2018": 0.8254773781363679, "LEXUS RX 2016": 1.0954776820595344, "TOYOTA COROLLA 2017": 2.2012870528168964, "LEXUS ES 2019": 2.069508805495439, "HYUNDAI SANTA FE 2019": 2.3763720477660253, "TOYOTA AVALON 2022": 2.531962323786023, "JEEP GRAND CHEROKEE V6 2018": 1.4193323242487865, "CHEVROLET VOLT PREMIER 2017": 1.8576430337666092, "TOYOTA RAV4 HYBRID 2017": 1.7425797219020926, "LEXUS RX 2020": 1.5118835180227874, "TOYOTA HIGHLANDER HYBRID 2018": 1.6872527654528833, "TOYOTA CAMRY HYBRID 2018": 1.6793468378089895, "TESLA AP2 MODEL S": NaN, "VOLKSWAGEN GOLF 7TH GEN": 1.5614447712441282, "TOYOTA MIRAI 2021": 2.271146483563897, "LEXUS IS 2018": NaN, "TOYOTA HIGHLANDER 2017": 1.6573774863189379, "HYUNDAI SONATA HYBRID 2021": 1.9464120717803253, "VOLKSWAGEN ATLAS 1ST GEN": 1.6867005451451638, "LEXUS ES HYBRID 2019": 1.956450687999482, "HYUNDAI GENESIS 2015-2016": 1.5359761378898085, "JEEP GRAND CHEROKEE 2019": 1.2418961305308847, "SUBARU ASCENT LIMITED 2019": NaN, "HONDA CR-V 2017": 0.2642062271814174, "HONDA FIT 2018": 0.5896345937094754, "TOYOTA CAMRY 2021": 2.1783533980215166, "AUDI Q3 2ND GEN": 1.1582239457022647, "AUDI A3 3RD GEN": 1.598699116126939, "LEXUS RX HYBRID 2017": 1.319771127672888, "HONDA CIVIC 2022": 1.1806949852580793, "GENESIS G70 2018": 2.2496820850331134, "CHRYSLER PACIFICA HYBRID 2018": 1.294798200968084, "VOLKSWAGEN PASSAT 8TH GEN": 1.247540921731637, "HONDA CR-V 2016": 0.6991119250342539, "HYUNDAI IONIQ PHEV 2020": 1.9062392690595655, "GMC ACADIA DENALI 2018": 1.2986994230652662, "HYUNDAI SONATA 2019": 1.257445187146704, "TOYOTA AVALON 2019": 1.664577368475227, "TOYOTA C-HR 2018": 1.308490445144888, "HONDA CR-V HYBRID 2019": 0.4693072746041504,